"","group"
"cell1",1
"cell2",1
"cell3",1
"cell4",1
"cell5",1
"cell6",1
"cell7",1
"cell8",1
"cell9",1
"cell10",1
"cell11",1
"cell12",1
"cell13",1
"cell14",1
"cell15",1
"cell16",1
"cell17",1
"cell18",1
"cell19",1
"cell20",1
"cell21",1
"cell22",1
"cell23",1
"cell24",1
"cell25",1
"cell26",1
"cell27",1
"cell28",1
"cell29",1
"cell30",1
"cell31",1
"cell32",1
"cell33",1
"cell34",1
"cell35",1
"cell36",1
"cell37",1
"cell38",1
"cell39",1
"cell40",1
"cell41",1
"cell42",1
"cell43",1
"cell44",1
"cell45",1
"cell46",1
"cell47",1
"cell48",1
"cell49",1
"cell50",1
"cell51",1
"cell52",1
"cell53",1
"cell54",1
"cell55",1
"cell56",1
"cell57",1
"cell58",1
"cell59",1
"cell60",1
"cell61",1
"cell62",1
"cell63",1
"cell64",1
"cell65",1
"cell66",1
"cell67",1
"cell68",1
"cell69",1
"cell70",1
"cell71",1
"cell72",1
"cell73",1
"cell74",1
"cell75",1
"cell76",1
"cell77",1
"cell78",1
"cell79",1
"cell80",1
"cell81",1
"cell82",1
"cell83",1
"cell84",1
"cell85",1
"cell86",1
"cell87",1
"cell88",1
"cell89",1
"cell90",1
"cell91",1
"cell92",1
"cell93",1
"cell94",1
"cell95",1
"cell96",1
"cell97",1
"cell98",1
"cell99",1
"cell100",1
"cell101",2
"cell102",2
"cell103",2
"cell104",2
"cell105",2
"cell106",2
"cell107",2
"cell108",2
"cell109",2
"cell110",2
"cell111",2
"cell112",2
"cell113",2
"cell114",2
"cell115",2
"cell116",2
"cell117",2
"cell118",2
"cell119",2
"cell120",2
"cell121",2
"cell122",2
"cell123",2
"cell124",2
"cell125",2
"cell126",2
"cell127",2
"cell128",2
"cell129",2
"cell130",2
"cell131",2
"cell132",2
"cell133",2
"cell134",2
"cell135",2
"cell136",2
"cell137",2
"cell138",2
"cell139",2
"cell140",2
"cell141",2
"cell142",2
"cell143",2
"cell144",2
"cell145",2
"cell146",2
"cell147",2
"cell148",2
"cell149",2
"cell150",2
"cell151",2
"cell152",2
"cell153",2
"cell154",2
"cell155",2
"cell156",2
"cell157",2
"cell158",2
"cell159",2
"cell160",2
"cell161",2
"cell162",2
"cell163",2
"cell164",2
"cell165",2
"cell166",2
"cell167",2
"cell168",2
"cell169",2
"cell170",2
"cell171",2
"cell172",2
"cell173",2
"cell174",2
"cell175",2
"cell176",2
"cell177",2
"cell178",2
"cell179",2
"cell180",2
"cell181",2
"cell182",2
"cell183",2
"cell184",2
"cell185",2
"cell186",2
"cell187",2
"cell188",2
"cell189",2
"cell190",2
"cell191",2
"cell192",2
"cell193",2
"cell194",2
"cell195",2
"cell196",2
"cell197",2
"cell198",2
"cell199",2
"cell200",2
"cell201",3
"cell202",3
"cell203",3
"cell204",3
"cell205",3
"cell206",3
"cell207",3
"cell208",3
"cell209",3
"cell210",3
"cell211",3
"cell212",3
"cell213",3
"cell214",3
"cell215",3
"cell216",3
"cell217",3
"cell218",3
"cell219",3
"cell220",3
"cell221",3
"cell222",3
"cell223",3
"cell224",3
"cell225",3
"cell226",3
"cell227",3
"cell228",3
"cell229",3
"cell230",3
"cell231",3
"cell232",3
"cell233",3
"cell234",3
"cell235",3
"cell236",3
"cell237",3
"cell238",3
"cell239",3
"cell240",3
"cell241",3
"cell242",3
"cell243",3
"cell244",3
"cell245",3
"cell246",3
"cell247",3
"cell248",3
"cell249",3
"cell250",3
"cell251",3
"cell252",3
"cell253",3
"cell254",3
"cell255",3
"cell256",3
"cell257",3
"cell258",3
"cell259",3
"cell260",3
"cell261",3
"cell262",3
"cell263",3
"cell264",3
"cell265",3
"cell266",3
"cell267",3
"cell268",3
"cell269",3
"cell270",3
"cell271",3
"cell272",3
"cell273",3
"cell274",3
"cell275",3
"cell276",3
"cell277",3
"cell278",3
"cell279",3
"cell280",3
"cell281",3
"cell282",3
"cell283",3
"cell284",3
"cell285",3
"cell286",3
"cell287",3
"cell288",3
"cell289",3
"cell290",3
"cell291",3
"cell292",3
"cell293",3
"cell294",3
"cell295",3
"cell296",3
"cell297",3
"cell298",3
"cell299",3
"cell300",3
"cell301",4
"cell302",4
"cell303",4
"cell304",4
"cell305",4
"cell306",4
"cell307",4
"cell308",4
"cell309",4
"cell310",4
"cell311",4
"cell312",4
"cell313",4
"cell314",4
"cell315",4
"cell316",4
"cell317",4
"cell318",4
"cell319",4
"cell320",4
"cell321",4
"cell322",4
"cell323",4
"cell324",4
"cell325",4
"cell326",4
"cell327",4
"cell328",4
"cell329",4
"cell330",4
"cell331",4
"cell332",4
"cell333",4
"cell334",4
"cell335",4
"cell336",4
"cell337",4
"cell338",4
"cell339",4
"cell340",4
"cell341",4
"cell342",4
"cell343",4
"cell344",4
"cell345",4
"cell346",4
"cell347",4
"cell348",4
"cell349",4
"cell350",4
"cell351",4
"cell352",4
"cell353",4
"cell354",4
"cell355",4
"cell356",4
"cell357",4
"cell358",4
"cell359",4
"cell360",4
"cell361",4
"cell362",4
"cell363",4
"cell364",4
"cell365",4
"cell366",4
"cell367",4
"cell368",4
"cell369",4
"cell370",4
"cell371",4
"cell372",4
"cell373",4
"cell374",4
"cell375",4
"cell376",4
"cell377",4
"cell378",4
"cell379",4
"cell380",4
"cell381",4
"cell382",4
"cell383",4
"cell384",4
"cell385",4
"cell386",4
"cell387",4
"cell388",4
"cell389",4
"cell390",4
"cell391",4
"cell392",4
"cell393",4
"cell394",4
"cell395",4
"cell396",4
"cell397",4
"cell398",4
"cell399",4
"cell400",4
"cell401",5
"cell402",5
"cell403",5
"cell404",5
"cell405",5
"cell406",5
"cell407",5
"cell408",5
"cell409",5
"cell410",5
"cell411",5
"cell412",5
"cell413",5
"cell414",5
"cell415",5
"cell416",5
"cell417",5
"cell418",5
"cell419",5
"cell420",5
"cell421",5
"cell422",5
"cell423",5
"cell424",5
"cell425",5
"cell426",5
"cell427",5
"cell428",5
"cell429",5
"cell430",5
"cell431",5
"cell432",5
"cell433",5
"cell434",5
"cell435",5
"cell436",5
"cell437",5
"cell438",5
"cell439",5
"cell440",5
"cell441",5
"cell442",5
"cell443",5
"cell444",5
"cell445",5
"cell446",5
"cell447",5
"cell448",5
"cell449",5
"cell450",5
"cell451",5
"cell452",5
"cell453",5
"cell454",5
"cell455",5
"cell456",5
"cell457",5
"cell458",5
"cell459",5
"cell460",5
"cell461",5
"cell462",5
"cell463",5
"cell464",5
"cell465",5
"cell466",5
"cell467",5
"cell468",5
"cell469",5
"cell470",5
"cell471",5
"cell472",5
"cell473",5
"cell474",5
"cell475",5
"cell476",5
"cell477",5
"cell478",5
"cell479",5
"cell480",5
"cell481",5
"cell482",5
"cell483",5
"cell484",5
"cell485",5
"cell486",5
"cell487",5
"cell488",5
"cell489",5
"cell490",5
"cell491",5
"cell492",5
"cell493",5
"cell494",5
"cell495",5
"cell496",5
"cell497",5
"cell498",5
"cell499",5
"cell500",5
